,Componente,Varianza Spiegata (%)
0,PC1,44.52155075244757
1,PC2,15.176406874912274
2,PC3,8.736529314336709
3,PC4,7.760719696203641
4,PC5,3.486724978234964
5,PC6,3.298807910522355
6,PC7,2.2915959673912694
7,PC8,1.8723069561043495
8,PC9,1.758448215322537
9,PC10,1.6534265780615898
10,PC11,1.3738011289788892
11,PC12,1.2751817014548463
12,PC13,1.19454887135347
13,PC14,1.086880344820932
